Results for:,COPPER,Extension mm,Force N,eng_Stress,eng_Strain,True_stress,True_strain,log sigma,log strain
Curves for Specimen No:,1,,,,,,,,
Curve No:,1,0,0,0,0,0,0,,
,,0.004,0,0,0.00016,0,0.000159987,,
"Diameter, 4.75mm",,0.008,0,0,0.00032,0,0.000319949,,
,,0.012,7.5,0.423182651,0.00048,0.423385779,0.000479885,0.423588955,0.00047977
,,0.016,7.5,0.423182651,0.00064,0.423453488,0.000639795,0.423724411,0.000639591
,,0.02,7.5,0.423182651,0.0008,0.423521197,0.00079968,0.423859879,0.000799361
,,0.024,7.5,0.423182651,0.00096,0.423588906,0.000959539,0.423995357,0.000959079
,,0.028,15,0.846365302,0.00112,0.847313231,0.001119373,0.848261691,0.001118747
,,0.032,15,0.846365302,0.00128,0.847448649,0.001279181,0.84853269,0.001278364
,,0.036,15,0.846365302,0.00144,0.847584068,0.001438964,0.848803711,0.00143793
,,0.04,15,0.846365302,0.0016,0.847719486,0.001598721,0.849074754,0.001597445
,,0.044,15,0.846365302,0.00176,0.847854905,0.001758453,0.849345818,0.001756909
,,0.048,15,0.846365302,0.00192,0.847990323,0.001918159,0.849616904,0.001916322
,,0.052,15,0.846365302,0.00208,0.848125742,0.00207784,0.849888011,0.002075684
,,0.056,15,0.846365302,0.00224,0.84826116,0.002237495,0.85015914,0.002234995
,,0.06,15,0.846365302,0.0024,0.848396579,0.002397125,0.850430291,0.002394256
,,0.064,22.5,1.269547953,0.00256,1.272797996,0.002556729,1.276052195,0.002553466
,,0.068,22.5,1.269547953,0.00272,1.273001123,0.002716307,1.276458986,0.002712625
,,0.072,30,1.692730604,0.00288,1.697605668,0.002875861,1.702487745,0.002871733
,,0.076,45,2.539095906,0.00304,2.546814757,0.003035389,2.554545329,0.003030791
,,0.08,52.5,2.962278556,0.0032,2.971757848,0.003194891,2.98125229,0.003189798
,,0.084,67.5,3.808643858,0.00336,3.821440902,0.003354368,3.83425942,0.003348754
,,0.088,82.5,4.65500916,0.00352,4.671394792,0.003513819,4.68780923,0.00350766
,,0.092,97.5,5.501374462,0.00368,5.52161952,0.003673245,5.541901783,0.003666515
,,0.096,105,5.924557113,0.00384,5.947307412,0.003832646,5.970101336,0.00382532
,,0.1,120,6.770922415,0.004,6.798006104,0.003992021,6.825143889,0.003984074
,,0.104,135,7.617287717,0.00416,7.648975633,0.004151371,7.68072937,0.004142778
,,0.108,142.5,8.040470368,0.00432,8.0752052,0.004310696,8.110014951,0.004301431
,,0.112,157.5,8.886835669,0.00448,8.926648693,0.004469995,8.966550765,0.004460034
,,0.116,180,10.15638362,0.00464,10.20350924,0.004629268,10.25074402,0.004618586
,,0.12,210,11.84911423,0.0048,11.90598997,0.004788517,11.96300201,0.004777088
,,0.124,240,13.54184483,0.00496,13.60901238,0.00494774,13.67634623,0.00493554
,,0.128,262.5,14.81139278,0.00512,14.88722711,0.005106937,14.96325525,0.005093941
,,0.132,285,16.08094074,0.00528,16.1658481,0.00526611,16.25097923,0.005252292
,,0.136,307.5,17.35048869,0.00544,17.44487535,0.005425257,17.53951827,0.005410593
,,0.14,330,18.62003664,0.0056,18.72430885,0.005584378,18.82887247,0.005568843
,,0.144,352.5,19.88958459,0.00576,20.0041486,0.005743475,20.11904192,0.005727044
,,0.148,367.5,20.7359499,0.00592,20.85870672,0.005902546,20.98182619,0.005885194
,,0.152,390,22.00549785,0.00608,22.13929127,0.006061591,22.27349061,0.006043294
,,0.156,435,24.54459375,0.00624,24.69775202,0.006220612,24.85138715,0.006201344
,,0.16,480,27.08368966,0.0064,27.25702527,0.006379607,27.43091438,0.006359343
,,0.164,510,28.77642026,0.00656,28.96519358,0.006538577,29.15458472,0.006517293
,,0.168,547.5,30.89233352,0.00672,31.09993,0.006697521,31.30822245,0.006675193
,,0.172,577.5,32.58506412,0.00688,32.80924936,0.006856441,33.03420404,0.006833042
,,0.176,615,34.70097738,0.00704,34.94527226,0.007015335,35.19042504,0.006990842
,,0.18,645,36.39370798,0.0072,36.65574268,0.007174204,36.91871844,0.007148592
,,0.184,667.5,37.66325593,0.00736,37.9404575,0.007333047,38.21867667,0.007306291
,,0.188,697.5,39.35598654,0.00752,39.65194355,0.007491866,39.94901059,0.007463941
,,0.192,720,40.62553449,0.00768,40.93753859,0.007650659,41.25073774,0.007621541
,,0.196,772.5,43.58781304,0.00784,43.9295415,0.007809427,44.27260604,0.007779091
,,0.2,825,46.5500916,0.008,46.92249233,0.00796817,47.29637871,0.007936591
,,0.204,870,49.08918751,0.00816,49.48975528,0.008126887,49.89195294,0.008094042
,,0.208,907.5,51.20510076,0.00832,51.6311272,0.00828558,52.05892101,0.008251443
,,0.212,945,53.32101402,0.00848,53.77317622,0.008444247,54.22725019,0.008408794
,,0.216,982.5,55.43692727,0.00864,55.91590232,0.008602889,56.39694061,0.008566095
,,0.22,1020,57.55284053,0.0088,58.05930552,0.008761506,58.56799246,0.008723346
,,0.224,1050,59.24557113,0.00896,59.77641145,0.008920097,60.30962286,0.008880548
,,0.228,1080,60.93830173,0.00912,61.49405904,0.009078664,62.05234294,0.009037701
,,0.232,1110,62.63103234,0.00928,63.21224832,0.009237205,63.79615284,0.009194803
,,0.236,1162.5,65.59331089,0.00944,66.21251175,0.009395722,66.83462608,0.009351856
,,0.24,1215,68.55558945,0.0096,69.21372311,0.009554213,69.87500575,0.00950886
,,0.244,1260,71.09468535,0.00976,71.78856948,0.009712679,72.4858288,0.009665814
,,0.248,1297.5,73.21059861,0.00992,73.93684775,0.00987112,74.66668723,0.009822719
,,0.252,1335,75.32651186,0.01008,76.0858031,0.010029536,76.84890838,0.009979574
,,0.256,1380,77.86560777,0.01024,78.66295159,0.010187926,79.46436395,0.010136379
,,0.26,1417.5,79.98152102,0.0104,80.81332884,0.010346292,81.64944714,0.010293136
,,0.264,1447.5,81.67425163,0.01056,82.53673173,0.010504633,83.40374977,0.010449842
,,0.268,1485,83.79016488,0.01072,84.68839545,0.010662948,85.59142342,0.0106065
,,0.272,1515,85.48289549,0.01088,86.41294939,0.010821239,87.34804454,0.010763108
,,0.276,1575,88.86835669,0.01104,89.84946335,0.010979504,90.8359659,0.010919667
,,0.28,1635,92.2538179,0.0112,93.28706066,0.011137744,94.3260681,0.011076176
,,0.284,1680,94.79291381,0.01136,95.86976131,0.01129596,96.95270227,0.011232637
,,0.288,1725,97.33200971,0.01152,98.45327446,0.01145415,99.58097304,0.011389048
,,0.292,1762.5,99.44792297,0.01168,100.6094747,0.011612315,101.7777837,0.01154541
,,0.296,1807.5,101.9870189,0.01184,103.1945452,0.011770456,104.409192,0.011701723
,,0.3,1845,104.1029321,0.012,105.3521673,0.011928571,106.6088681,0.011857986
,,0.304,1875,105.7956627,0.01216,107.082138,0.012086661,108.3764035,0.012014201
,,0.308,1905,107.4883933,0.01232,108.8126503,0.012244726,110.1450315,0.012170366
,,0.312,1935,109.1811239,0.01248,110.5437044,0.012402767,111.9147521,0.012326483
,,0.316,1995,112.5665851,0.01264,113.9894268,0.012560782,115.4212231,0.01248255
,,0.32,2055,115.9520464,0.0128,117.4362325,0.012718772,118.9298773,0.012638568
,,0.324,2100,118.4911423,0.01296,120.0267875,0.012876738,121.5723409,0.012794538
,,0.328,2152.5,121.4534208,0.01312,123.0468897,0.013034678,124.6507663,0.012950458
,,0.332,2190,123.5693341,0.01328,125.2103348,0.013192594,126.8621839,0.013106329
,,0.336,2235,126.10843,0.01344,127.8033273,0.013350484,129.5095636,0.013262152
,,0.34,2272.5,128.2243432,0.0136,129.9681943,0.01350835,131.7238502,0.013417926
,,0.344,2310,130.3402565,0.01376,132.1337384,0.013666191,133.9395033,0.013573651
,,0.348,2340,132.0329871,0.01392,133.8708863,0.013824007,135.7215183,0.013729327
,,0.352,2377.5,134.1489003,0.01408,136.0377169,0.013981798,137.9397687,0.013884954
,,0.356,2437.5,137.5343615,0.01424,139.4928509,0.014139564,141.4652189,0.014040532
,,0.36,2497.5,140.9198228,0.0144,142.9490682,0.014297305,144.9928546,0.014196062
,,0.364,2542.5,143.4589187,0.01456,145.5476805,0.014455021,147.6515753,0.014351543
,,0.368,2587.5,145.9980146,0.01472,148.1471053,0.014612712,150.3119364,0.014506976
,,0.372,2632.5,148.5371105,0.01488,150.7473427,0.014770379,152.973938,0.014662359
,,0.376,2670,150.6530237,0.01504,152.9188452,0.014928021,155.2016209,0.014817694
,,0.38,2715,153.1921196,0.0152,155.5206399,0.015085637,157.8667678,0.014972981
,,0.384,2745,154.8848502,0.01536,157.2638815,0.015243229,159.661091,0.015128219
,,0.388,2775,156.5775808,0.01552,159.0076649,0.015400797,161.4565096,0.015283408
,,0.392,2805,158.2703114,0.01568,160.7519899,0.015558339,163.2530239,0.015438549
,,0.396,2865,161.6557727,0.01584,164.2164001,0.015715856,166.7972015,0.015593641
,,0.4,2925,165.0412339,0.016,167.6818936,0.015873349,170.3435668,0.015748685
,,0.404,2977.5,168.0035124,0.01616,170.7184492,0.016030817,173.4552054,0.01590368
,,0.408,3030,170.965791,0.01632,173.7559527,0.01618826,176.5687593,0.016058627
,,0.412,3067.5,173.0817042,0.01648,175.9340907,0.016345679,178.8098528,0.016213526
,,0.416,3112.5,175.6208001,0.01664,178.5431302,0.016503072,181.4896404,0.016368376
,,0.42,3150,177.7367134,0.0168,180.7226902,0.016660441,183.7336099,0.016523178
,,0.424,3180,179.429444,0.01696,182.4725674,0.016817785,185.5413518,0.016677932
,,0.428,3217.5,181.5453572,0.01712,184.6534138,0.016975104,187.7879247,0.016832637
,,0.432,3247.5,183.2380878,0.01728,186.404442,0.017132399,189.5979972,0.016987294
,,0.436,3307.5,186.6235491,0.01744,189.8782638,0.017289669,193.161196,0.017141903
,,0.44,3367.5,190.0090103,0.0176,193.3531688,0.017446914,196.7265849,0.017296464
,,0.444,3412.5,192.5481062,0.01776,195.9677605,0.017604134,199.4176032,0.017450976
,,0.448,3457.5,195.0872021,0.01792,198.5831647,0.01776133,202.1102658,0.01760544
,,0.452,3502.5,197.626298,0.01808,201.1993814,0.017918501,204.8045727,0.017759856
,,0.456,3540,199.7422112,0.01824,203.3855092,0.018075647,207.0618338,0.017914225
,,0.46,3585,202.2813071,0.0184,206.0032832,0.018232768,209.7592933,0.018068545
,,0.464,3615,203.9740377,0.01856,207.7597959,0.018389865,211.5804705,0.018222816
,,0.468,3645,205.6667683,0.01872,209.5168503,0.018546937,213.4027461,0.01837704
,,0.472,3675,207.359499,0.01888,211.2744463,0.018703985,215.2261203,0.018531216
,,0.476,3735,210.7449602,0.01904,214.7575442,0.018861008,218.8080879,0.018685344
,,0.48,3802.5,214.553604,0.0192,218.6730332,0.019018006,222.8317582,0.018839424
,,0.484,3847.5,217.0926999,0.01936,221.2956146,0.019174979,225.5389534,0.018993456
,,0.488,3892.5,219.6317958,0.01952,223.9190085,0.019331928,228.2477947,0.01914744
,,0.492,3930,221.7477091,0.01968,226.111704,0.019488853,230.5183617,0.019301377
,,0.496,3975,224.286805,0.01984,228.7366552,0.019645752,233.2303589,0.019455265
,,0.5,4012.5,226.4027182,0.02,230.9307726,0.019802627,235.5038086,0.019609106
,,0.504,4042.5,228.0954488,0.02016,232.6938531,0.019959478,237.3383009,0.019762899
,,0.508,4080,230.2113621,0.02032,234.889257,0.020116304,239.6143606,0.019916644
,,0.512,4110,231.9040927,0.02048,236.6534885,0.020273105,241.4511895,0.020070341
,,0.516,4162.5,234.8663713,0.02064,239.7140132,0.020429882,244.6113421,0.020223991
,,0.52,4215,237.8286498,0.0208,242.7754857,0.020586634,247.7734157,0.020377593
,,0.524,4260,240.3677457,0.02096,245.4058537,0.020743361,250.4963959,0.020531147
,,0.528,4305,242.9068416,0.02112,248.0370341,0.020900064,253.221024,0.020684654
,,0.532,4342.5,245.0227549,0.02128,250.2368391,0.021056743,255.5060118,0.020838113
,,0.536,4380,247.1386681,0.02144,252.4373212,0.021213396,257.7923741,0.020991525
,,0.54,4417.5,249.2545814,0.0216,254.6384804,0.021370026,260.0801112,0.021144889
,,0.544,4440,250.5241293,0.02176,255.9755344,0.021526631,261.4858252,0.021298205
,,0.548,4470,252.2168599,0.02192,257.7454535,0.021683211,263.3342025,0.021451474
,,0.552,4492.5,253.4864079,0.02208,259.0833878,0.021839767,264.7417085,0.021604695
,,0.556,4545,256.4486865,0.02224,262.1521052,0.021996298,267.918481,0.021757869
,,0.56,4590,258.9877824,0.0224,264.7891087,0.022152805,270.6549301,0.021910996
,,0.564,4635,261.5268783,0.02256,267.4269246,0.022309287,273.3930286,0.022064075
,,0.568,4672.5,263.6427915,0.02272,269.6327557,0.022465745,275.6902564,0.022217107
,,0.572,4702.5,265.3355221,0.02288,271.4063989,0.022622178,277.5462027,0.022370091
,,0.576,4725,266.6050701,0.02304,272.7476509,0.022778587,278.960457,0.022523028
,,0.58,4755,268.2978007,0.0232,274.5223097,0.022934971,280.8184709,0.022675918
,,0.584,4777.5,269.5673486,0.02336,275.8644419,0.023091331,282.2345191,0.022828761
,,0.588,4792.5,270.4137139,0.02352,276.7738445,0.023247667,283.2081906,0.022981556
,,0.592,4815,271.6832619,0.02368,278.1167215,0.023403978,284.6257591,0.023134304
,,0.596,4845,273.3759925,0.02384,279.8932762,0.023560264,286.4876357,0.023287005
,,0.6,4882.5,275.4919058,0.024,282.1037115,0.023716527,288.7942317,0.023439659
,,0.604,4905,276.7614537,0.02416,283.4480104,0.023872764,290.214698,0.023592265
,,0.608,4927.5,278.0310017,0.02432,284.7927156,0.024028978,291.6359935,0.023744825
,,0.612,4942.5,278.877367,0.02448,285.7042849,0.024185167,292.6140907,0.023897337
,,0.616,4965,280.1469149,0.02464,287.0497349,0.024341331,294.0369076,0.024049803
,,0.62,4980,280.9932802,0.0248,287.9619136,0.024497472,295.0162524,0.024202221
,,0.624,4995,281.8396455,0.02496,288.8743631,0.024653587,295.9961524,0.024354592
,,0.628,5002.5,282.2628282,0.02512,289.3532704,0.024809679,296.5320321,0.024506916
,,0.632,5017.5,283.1091935,0.02528,290.2661939,0.024965746,297.512906,0.024659194
,,0.636,5032.5,283.9555588,0.02544,291.1793882,0.025121789,298.4943353,0.024811424
,,0.64,5047.5,284.8019241,0.0256,292.0928533,0.025277807,299.4763202,0.024963607
,,0.644,5055,285.2251067,0.02576,292.5725055,0.025433801,300.0137364,0.025115744
,,0.648,5070,286.071472,0.02592,293.4864446,0.025589771,300.9966955,0.025267833
,,0.652,5077.5,286.4946547,0.02608,293.9664353,0.025745716,301.5348117,0.025419876
,,0.656,5085,286.9178373,0.02624,294.4465614,0.025901638,302.0732095,0.025571872
,,0.66,5092.5,287.34102,0.0264,294.9268229,0.026057534,302.6118887,0.025723822
,,0.664,5100,287.7642026,0.02656,295.4072198,0.026213407,303.1508495,0.025875724
,,0.668,5100,287.7642026,0.02672,295.4532621,0.026369255,303.2441445,0.02602758
,,0.672,5107.5,288.1873853,0.02688,295.9338622,0.026525079,303.7835312,0.026179389
,,0.676,5115,288.6105679,0.02704,296.4145977,0.026680879,304.3231996,0.026331151
,,0.68,5115,288.6105679,0.0272,296.4607754,0.026836654,304.4167906,0.026482867
,,0.684,5115,288.6105679,0.02736,296.5069531,0.026992405,304.5103888,0.026634536
,,0.688,5122.5,289.0337506,0.02752,296.9879594,0.027148132,305.0506277,0.026786158
,,0.692,5122.5,289.0337506,0.02768,297.0342048,0.027303835,305.1443776,0.026937734
,,0.696,5122.5,289.0337506,0.02784,297.0804502,0.027459513,305.2381346,0.027089263
,,0.7,5122.5,289.0337506,0.028,297.1266956,0.027615167,305.3318989,0.027240746
,,0.704,5122.5,289.0337506,0.02816,297.172941,0.027770797,305.4256704,0.027392182
,,0.708,5122.5,289.0337506,0.02832,297.2191864,0.027926403,305.5194491,0.027543572
,,0.712,5122.5,289.0337506,0.02848,297.2654318,0.028081984,305.6132349,0.027694915
,,0.716,5115,288.6105679,0.02864,296.8763746,0.028237541,305.2594335,0.027846212
,,0.72,5115,288.6105679,0.0288,296.9225523,0.028393075,305.3530964,0.027997462
,,0.724,5115,288.6105679,0.02896,296.96873,0.028548583,305.4467665,0.028148666
,,0.728,5115,288.6105679,0.02912,297.0149077,0.028704068,305.5404438,0.028299824
,,0.732,5107.5,288.1873853,0.02928,296.6255119,0.028859529,305.1859844,0.028450935
,,0.736,5107.5,288.1873853,0.02944,296.6716219,0.029014965,305.2795386,0.028602
,,0.74,5100,287.7642026,0.0296,296.282023,0.029170377,304.9246814,0.028753019
,,0.744,5100,287.7642026,0.02976,296.3280653,0.029325765,305.0181126,0.028903991
,,0.748,5100,287.7642026,0.02992,296.3741076,0.029481129,305.111551,0.029054917
,,0.752,5100,287.7642026,0.03008,296.4201498,0.029636469,305.2049965,0.029205797
,,0.756,5100,287.7642026,0.03024,296.4661921,0.029791785,305.2984491,0.029356631
,,0.76,5092.5,287.34102,0.0304,296.076187,0.029947076,304.9428032,0.029507419
,,0.764,5085,286.9178373,0.03056,295.6860464,0.030102344,304.5868895,0.02965816
,,0.768,5085,286.9178373,0.03072,295.7319533,0.030257587,304.6800886,0.029808856
,,0.772,5085,286.9178373,0.03088,295.7778601,0.030412806,304.7732949,0.029959505
,,0.776,5077.5,286.4946547,0.03104,295.3874488,0.030568002,304.4168528,0.030110108
,,0.78,5077.5,286.4946547,0.0312,295.4332879,0.030723173,304.5099358,0.030260665
,,0.784,5077.5,286.4946547,0.03136,295.479127,0.03087832,304.603026,0.030411176
,,0.788,5070,286.071472,0.03152,295.0884448,0.031033443,304.2460551,0.030561642
,,0.792,5070,286.071472,0.03168,295.1342163,0.031188541,304.339022,0.030712061
,,0.796,5070,286.071472,0.03184,295.1799877,0.031343616,304.431996,0.030862434
,,0.8,5070,286.071472,0.032,295.2257591,0.031498667,304.524977,0.031012761
,,0.804,5070,286.071472,0.03216,295.2715306,0.031653694,304.6179652,0.031163043
,,0.808,5062.5,285.6482894,0.03232,294.8804421,0.031808697,304.2602046,0.031313278
,,0.812,5062.5,285.6482894,0.03248,294.9261458,0.031963675,304.3530693,0.031463468
,,0.816,5055,285.2251067,0.03264,294.5348542,0.03211863,303.9949102,0.031613612
,,0.82,5055,285.2251067,0.0328,294.5804902,0.032273561,304.0876515,0.03176371
,,0.824,5055,285.2251067,0.03296,294.6261262,0.032428467,304.1803999,0.031913762
,,0.828,5047.5,284.8019241,0.03312,294.2345638,0.03258335,303.8217115,0.032063769
,,0.832,5047.5,284.8019241,0.03328,294.2801321,0.032738209,303.9143365,0.03221373
,,0.836,5040,284.3787414,0.03344,293.8883665,0.032893043,303.5552493,0.032363645
,,0.84,5040,284.3787414,0.0336,293.9338671,0.033047854,303.6477507,0.032513514
,,0.844,5040,284.3787414,0.03376,293.9793677,0.033202641,303.7402591,0.032663338
,,0.848,5040,284.3787414,0.03392,294.0248683,0.033357404,303.8327745,0.032813116
,,0.852,5040,284.3787414,0.03408,294.0703689,0.033512143,303.925297,0.032962849
,,0.856,5032.5,283.9555588,0.03424,293.6781971,0.033666857,303.5654191,0.033112536
,,0.86,5032.5,283.9555588,0.0344,293.72363,0.033821548,303.657818,0.033262178
,,0.864,5032.5,283.9555588,0.03456,293.7690629,0.033976216,303.7502239,0.033411773
,,0.868,5025,283.5323761,0.03472,293.3766202,0.034130859,303.3898162,0.033561324
,,0.872,5025,283.5323761,0.03488,293.4219854,0.034285478,303.4820984,0.033710829
,,0.876,5025,283.5323761,0.03504,293.4673506,0.034440073,303.5743876,0.033860288
,,0.88,5017.5,283.1091935,0.0352,293.0746371,0.034594645,303.21345,0.034009702
,,0.884,5010,282.6860108,0.03536,292.6817882,0.034749192,302.8522439,0.034159071
,,0.888,5010,282.6860108,0.03552,292.7270179,0.034903716,302.9442786,0.034308394
,,0.892,5010,282.6860108,0.03568,292.7722477,0.035058216,303.0363203,0.034457672
,,0.896,5010,282.6860108,0.03584,292.8174774,0.035212692,,
,,0.9,5010,282.6860108,0.036,292.8627072,0.035367144,,
,,0.904,5010,282.6860108,0.03616,292.907937,0.035521572,,
,,0.908,5002.5,282.2628282,0.03632,292.5146141,0.035675976,,
,,0.912,5002.5,282.2628282,0.03648,292.5597761,0.035830357,,
,,0.916,4995,281.8396455,0.03664,292.1662501,0.035984714,,
,,0.92,4995,281.8396455,0.0368,292.2113445,0.036139047,,
,,0.924,4995,281.8396455,0.03696,292.2564388,0.036293356,,
,,0.928,4987.5,281.4164629,0.03712,291.862642,0.036447641,,
,,0.932,4987.5,281.4164629,0.03728,291.9076686,0.036601902,,
,,0.936,4980,280.9932802,0.03744,291.5136686,0.03675614,,
,,0.94,4980,280.9932802,0.0376,291.5586275,0.036910354,,
,,0.944,4980,280.9932802,0.03776,291.6035865,0.037064544,,
,,0.948,4972.5,280.5700976,0.03792,291.2093157,0.03721871,,
,,0.952,4972.5,280.5700976,0.03808,291.2542069,0.037372853,,
,,0.956,4965,280.1469149,0.03824,290.8597329,0.037526972,,
,,0.96,4965,280.1469149,0.0384,290.9045564,0.037681067,,
,,0.964,4965,280.1469149,0.03856,290.9493799,0.037835138,,
,,0.968,4965,280.1469149,0.03872,290.9942035,0.037989186,,
,,0.972,4957.5,279.7237323,0.03888,290.599391,0.03814321,,
,,0.976,4957.5,279.7237323,0.03904,290.6441468,0.03829721,,
,,0.98,4950,279.3005496,0.0392,290.2491312,0.038451186,,
,,0.984,4950,279.3005496,0.03936,290.2938192,0.038605139,,
,,0.988,4950,279.3005496,0.03952,290.3385073,0.038759068,,
,,0.992,4950,279.3005496,0.03968,290.3831954,0.038912973,,
,,0.996,4950,279.3005496,0.03984,290.4278835,0.039066855,,
,,1,4942.5,278.877367,0.04,290.0324616,0.039220713,,
,,1.004,4935,278.4541843,0.04016,289.6369043,0.039374547,,
,,1.008,4935,278.4541843,0.04032,289.681457,0.039528358,,
,,1.012,4935,278.4541843,0.04048,289.7260097,0.039682145,,
,,1.016,4927.5,278.0310017,0.04064,289.3301816,0.039835908,,
,,1.02,4927.5,278.0310017,0.0408,289.3746665,0.039989648,,
,,1.024,4927.5,278.0310017,0.04096,289.4191515,0.040143364,,
,,1.028,4920,277.607819,0.04112,289.0230525,0.040297057,,
,,1.032,4920,277.607819,0.04128,289.0674698,0.040450726,,
,,1.036,4920,277.607819,0.04144,289.111887,0.040604371,,
,,1.04,4912.5,277.1846364,0.0416,288.7155172,0.040757992,,
,,1.044,4905,276.7614537,0.04176,288.319012,0.040911591,,
,,1.048,4905,276.7614537,0.04192,288.3632938,0.041065165,,
,,1.052,4905,276.7614537,0.04208,288.4075757,0.041218716,,
,,1.056,4897.5,276.3382711,0.04224,288.0107996,0.041372243,,
,,1.06,4897.5,276.3382711,0.0424,288.0550137,0.041525747,,
,,1.064,4897.5,276.3382711,0.04256,288.0992279,0.041679227,,
,,1.068,4897.5,276.3382711,0.04272,288.143442,0.041832684,,
,,1.072,4897.5,276.3382711,0.04288,288.1876561,0.041986117,,
,,1.076,4890,275.9150884,0.04304,287.7904738,0.042139526,,
,,1.08,4882.5,275.4919058,0.0432,287.3931561,0.042292912,,
,,1.084,4875,275.0687231,0.04336,286.9957029,0.042446275,,
,,1.088,4875,275.0687231,0.04352,287.0397139,0.042599614,,
,,1.092,4875,275.0687231,0.04368,287.0837249,0.042752929,,
,,1.096,4875,275.0687231,0.04384,287.1277359,0.042906221,,
,,1.1,4875,275.0687231,0.044,287.1717469,0.043059489,,
,,1.104,4875,275.0687231,0.04416,287.2157579,0.043212734,,
,,1.108,4867.5,274.6455404,0.04432,286.8178308,0.043365956,,
,,1.112,4867.5,274.6455404,0.04448,286.8617741,0.043519154,,
,,1.116,4860,274.2223578,0.04464,286.4636438,0.043672328,,
,,1.12,4860,274.2223578,0.0448,286.5075194,0.04382548,,
,,1.124,4860,274.2223578,0.04496,286.551395,0.043978607,,
,,1.128,4852.5,273.7991751,0.04512,286.1529939,0.044131711,,
,,1.132,4852.5,273.7991751,0.04528,286.1968018,0.044284792,,
,,1.136,4845,273.3759925,0.04544,285.7981976,0.044437849,,
,,1.14,4845,273.3759925,0.0456,285.8419378,0.044590883,,
,,1.144,4845,273.3759925,0.04576,285.8856779,0.044743894,,
,,1.148,4837.5,272.9528098,0.04592,285.4868029,0.044896881,,
,,1.152,4837.5,272.9528098,0.04608,285.5304753,0.045049845,,
,,1.156,4830,272.5296272,0.04624,285.1313972,0.045202785,,
,,1.16,4830,272.5296272,0.0464,285.1750019,0.045355702,,
,,1.164,4830,272.5296272,0.04656,285.2186066,0.045508595,,
,,1.168,4822.5,272.1064445,0.04672,284.8192576,0.045661465,,
,,1.172,4822.5,272.1064445,0.04688,284.8627947,0.045814312,,
,,1.176,4815,271.6832619,0.04704,284.4632425,0.045967136,,
,,1.18,4815,271.6832619,0.0472,284.5067119,0.046119936,,
,,1.184,4815,271.6832619,0.04736,284.5501812,0.046272712,,
,,1.188,4807.5,271.2600792,0.04752,284.1503582,0.046425466,,
,,1.192,4807.5,271.2600792,0.04768,284.1937598,0.046578196,,
,,1.196,4800,270.8368966,0.04784,283.7937337,0.046730902,,
,,1.2,4800,270.8368966,0.048,283.8370676,0.046883586,,
,,1.204,4800,270.8368966,0.04816,283.8804015,0.047036246,,
,,1.208,4792.5,270.4137139,0.04832,283.4801046,0.047188883,,
,,1.212,4792.5,270.4137139,0.04848,283.5233708,0.047341496,,
,,1.216,4785,269.9905313,0.04864,283.1228707,0.047494087,,
,,1.22,4785,269.9905313,0.0488,283.1660692,0.047646653,,
,,1.224,4785,269.9905313,0.04896,283.2092677,0.047799197,,
,,1.228,4777.5,269.5673486,0.04912,282.8084968,0.047951718,,
,,1.232,4777.5,269.5673486,0.04928,282.8516276,0.048104215,,
,,1.236,4777.5,269.5673486,0.04944,282.8947584,0.048256689,,
,,1.24,4777.5,269.5673486,0.0496,282.9378891,0.048409139,,
,,1.244,4770,269.144166,0.04976,282.5367797,0.048561567,,
,,1.248,4770,269.144166,0.04992,282.5798428,0.048713971,,
,,1.252,4762.5,268.7209833,0.05008,282.1785302,0.048866352,,
,,1.256,4762.5,268.7209833,0.05024,282.2215255,0.049018709,,
,,1.26,4755,268.2978007,0.0504,281.8200098,0.049171044,,
,,1.264,4755,268.2978007,0.05056,281.8629375,0.049323355,,
,,1.268,4747.5,267.874618,0.05072,281.4612187,0.049475643,,
,,1.272,4747.5,267.874618,0.05088,281.5040786,0.049627908,,
,,1.276,4740,267.4514354,0.05104,281.1021566,0.04978015,,
,,1.28,4740,267.4514354,0.0512,281.1449489,0.049932369,,
,,1.284,4740,267.4514354,0.05136,281.1877411,0.050084564,,
,,1.288,4740,267.4514354,0.05152,281.2305333,0.050236736,,
,,1.292,4732.5,267.0282527,0.05168,280.8282728,0.050388886,,
,,1.296,4732.5,267.0282527,0.05184,280.8709974,0.050541011,,
,,1.3,4725,266.6050701,0.052,280.4685337,0.050693114,,
,,1.304,4725,266.6050701,0.05216,280.5111905,0.050845194,,
,,1.308,4717.5,266.1818874,0.05232,280.1085238,0.050997251,,
,,1.312,4717.5,266.1818874,0.05248,280.1511129,0.051149284,,
,,1.316,4710,265.7587048,0.05264,279.748243,0.051301294,,
,,1.32,4710,265.7587048,0.0528,279.7907644,0.051453282,,
,,1.324,4710,265.7587048,0.05296,279.8332858,0.051605246,,
,,1.328,4702.5,265.3355221,0.05312,279.4301451,0.051757187,,
,,1.332,4702.5,265.3355221,0.05328,279.4725987,0.051909105,,
,,1.336,4695,264.9123395,0.05344,279.0692549,0.052061,,
,,1.34,4695,264.9123395,0.0536,279.1116409,0.052212871,,
,,1.344,4695,264.9123395,0.05376,279.1540268,0.05236472,,
,,1.348,4695,264.9123395,0.05392,279.1964128,0.052516546,,
,,1.352,4695,264.9123395,0.05408,279.2387988,0.052668349,,
,,1.356,4687.5,264.4891568,0.05424,278.8350487,0.052820128,,
,,1.36,4680,264.0659742,0.0544,278.4311632,0.052971885,,
,,1.364,4680,264.0659742,0.05456,278.4734137,0.053123618,,
,,1.368,4672.5,263.6427915,0.05472,278.0693251,0.053275329,,
,,1.372,4672.5,263.6427915,0.05488,278.1115079,0.053427016,,
,,1.376,4665,263.2196089,0.05504,277.7072161,0.053578681,,
,,1.38,4665,263.2196089,0.0552,277.7493313,0.053730322,,
,,1.384,4665,263.2196089,0.05536,277.7914464,0.053881941,,
,,1.388,4657.5,262.7964262,0.05552,277.3868838,0.054033536,,
,,1.392,4657.5,262.7964262,0.05568,277.4289312,0.054185109,,
,,1.396,4650,262.3732436,0.05584,277.0241655,0.054336659,,
,,1.4,4650,262.3732436,0.056,277.0661452,0.054488185,,
,,1.404,4650,262.3732436,0.05616,277.1081249,0.054639689,,
,,1.408,4642.5,261.9500609,0.05632,276.7030884,0.05479117,,
,,1.412,4642.5,261.9500609,0.05648,276.7450004,0.054942627,,
,,1.416,4635,261.5268783,0.05664,276.3397607,0.055094062,,
,,1.42,4635,261.5268783,0.0568,276.381605,0.055245474,,
,,1.424,4635,261.5268783,0.05696,276.4234493,0.055396863,,
,,1.428,4627.5,261.1036956,0.05712,276.0179387,0.055548229,,
,,1.432,4627.5,261.1036956,0.05728,276.0597153,0.055699572,,
,,1.436,4620,260.680513,0.05744,275.6540016,0.055850893,,
,,1.44,4620,260.680513,0.0576,275.6957105,0.05600219,,
,,1.444,4620,260.680513,0.05776,275.7374194,0.056153465,,
,,1.448,4612.5,260.2573303,0.05792,275.3314349,0.056304716,,
,,1.452,4612.5,260.2573303,0.05808,275.3730761,0.056455945,,
,,1.456,4605,259.8341477,0.05824,274.9668884,0.056607151,,
,,1.46,4605,259.8341477,0.0584,275.0084619,0.056758334,,
,,1.464,4605,259.8341477,0.05856,275.0500354,0.056909494,,
,,1.468,4597.5,259.410965,0.05872,274.6435769,0.057060631,,
,,1.472,4597.5,259.410965,0.05888,274.6850826,0.057211746,,
,,1.476,4590,258.9877824,0.05904,274.278421,0.057362837,,
,,1.48,4582.5,258.5645997,0.0592,273.871624,0.057513906,,
,,1.484,4575,258.1414171,0.05936,273.4646916,0.057664952,,
,,1.488,4575,258.1414171,0.05952,273.5059942,0.057815975,,
,,1.492,4575,258.1414171,0.05968,273.5472968,0.057966976,,
,,1.496,4567.5,257.7182344,0.05984,273.1400936,0.058117953,,
,,1.5,4567.5,257.7182344,0.06,273.1813285,0.058268908,,
,,1.504,4567.5,257.7182344,0.06016,273.2225634,0.05841984,,
,,1.508,4560,257.2950518,0.06032,272.8150893,0.058570749,,
,,1.512,4560,257.2950518,0.06048,272.8562565,0.058721636,,
,,1.516,4560,257.2950518,0.06064,272.8974237,0.0588725,,
,,1.52,4552.5,256.8718691,0.0608,272.4896788,0.05902334,,
,,1.524,4545,256.4486865,0.06096,272.0817984,0.059174159,,
,,1.528,4545,256.4486865,0.06112,272.1228302,0.059324954,,
,,1.532,4545,256.4486865,0.06128,272.163862,0.059475727,,
,,1.536,4537.5,256.0255038,0.06144,271.7557108,0.059626477,,
,,1.54,4537.5,256.0255038,0.0616,271.7966748,0.059777204,,
,,1.544,4537.5,256.0255038,0.06176,271.8376389,0.059927909,,
,,1.548,4530,255.6023212,0.06192,271.4292169,0.06007859,,
,,1.552,4530,255.6023212,0.06208,271.4701133,0.06022925,,
,,1.556,4530,255.6023212,0.06224,271.5110096,0.060379886,,
,,1.56,4522.5,255.1791385,0.0624,271.1023167,0.0605305,,
,,1.564,4515,254.7559559,0.06256,270.6934885,0.060681091,,
,,1.568,4515,254.7559559,0.06272,270.7342494,0.060831659,,
,,1.572,4515,254.7559559,0.06288,270.7750104,0.060982205,,
,,1.576,4507.5,254.3327732,0.06304,270.3659112,0.061132728,,
,,1.58,4507.5,254.3327732,0.0632,270.4066045,0.061283228,,
,,1.584,4507.5,254.3327732,0.06336,270.4472977,0.061433706,,
,,1.588,4500,253.9095906,0.06352,270.0379277,0.061584161,,
,,1.592,4500,253.9095906,0.06368,270.0785533,0.061734594,,
,,1.596,4492.5,253.4864079,0.06384,269.6689802,0.061885004,,
,,1.6,4485,253.0632253,0.064,269.2592717,0.062035391,,
,,1.604,4485,253.0632253,0.06416,269.2997618,0.062185756,,
,,1.608,4477.5,252.6400426,0.06432,268.8898501,0.062336098,,
,,1.612,4470,252.2168599,0.06448,268.4798031,0.062486417,,
,,1.616,4470,252.2168599,0.06464,268.5201578,0.062636714,,
,,1.62,4462.5,251.7936773,0.0648,268.1099076,0.062786988,,
,,1.624,4462.5,251.7936773,0.06496,268.1501946,0.06293724,,
,,1.628,4462.5,251.7936773,0.06512,268.1904816,0.063087469,,
,,1.632,4462.5,251.7936773,0.06528,268.2307686,0.063237675,,
,,1.636,4455,251.3704946,0.06544,267.8201798,0.063387859,,
,,1.64,4455,251.3704946,0.0656,267.8603991,0.063538021,,
,,1.644,4447.5,250.947312,0.06576,267.4496072,0.06368816,,
,,1.648,4440,250.5241293,0.06592,267.03868,0.063838276,,
,,1.652,4440,250.5241293,0.06608,267.0787638,0.06398837,,
,,1.656,4432.5,250.1009467,0.06624,266.6676334,0.064138441,,
,,1.66,4432.5,250.1009467,0.0664,266.7076496,0.06428849,,
,,1.664,4432.5,250.1009467,0.06656,266.7476657,0.064438516,,
,,1.668,4425,249.677764,0.06672,266.3362645,0.06458852,,
,,1.672,4425,249.677764,0.06688,266.3762129,0.064738501,,
,,1.676,4425,249.677764,0.06704,266.4161613,0.06488846,,
,,1.68,4417.5,249.2545814,0.0672,266.0044893,0.065038396,,
,,1.684,4410,248.8313987,0.06736,265.5926818,0.06518831,,
,,1.688,4410,248.8313987,0.06752,265.6324948,0.065338201,,
,,1.692,4402.5,248.4082161,0.06768,265.2204842,0.06548807,,
,,1.696,4402.5,248.4082161,0.06784,265.2602295,0.065637917,,
,,1.7,4395,247.9850334,0.068,264.8480157,0.065787741,,
,,1.704,4395,247.9850334,0.06816,264.8876933,0.065937542,,
,,1.708,4387.5,247.5618508,0.06832,264.4752764,0.066087321,,
,,1.712,4387.5,247.5618508,0.06848,264.5148863,0.066237078,,
,,1.716,4380,247.1386681,0.06864,264.1022663,0.066386812,,
,,1.72,4380,247.1386681,0.0688,264.1418085,0.066536524,,
,,1.724,4380,247.1386681,0.06896,264.1813507,0.066686213,,
,,1.728,4372.5,246.7154855,0.06912,263.7684598,0.06683588,,
,,1.732,4372.5,246.7154855,0.06928,263.8079343,0.066985525,,
,,1.736,4365,246.2923028,0.06944,263.3948403,0.067135147,,
,,1.74,4365,246.2923028,0.0696,263.4342471,0.067284747,,
,,1.744,4357.5,245.8691202,0.06976,263.02095,0.067434324,,
,,1.748,4357.5,245.8691202,0.06992,263.0602891,0.067583879,,
,,1.752,4350,245.4459375,0.07008,262.6467888,0.067733412,,
,,1.756,4350,245.4459375,0.07024,262.6860602,0.067882922,,
,,1.76,4342.5,245.0227549,0.0704,262.2723568,0.06803241,,
,,1.764,4335,244.5995722,0.07056,261.858518,0.068181876,,
,,1.768,4335,244.5995722,0.07072,261.897654,0.068331319,,
,,1.772,4335,244.5995722,0.07088,261.9367899,0.06848074,,
,,1.776,4327.5,244.1763896,0.07104,261.5226803,0.068630139,,
,,1.78,4327.5,244.1763896,0.0712,261.5617485,0.068779515,,
,,1.784,4327.5,244.1763896,0.07136,261.6008167,0.068928869,,
,,1.788,4320,243.7532069,0.07152,261.1864363,0.069078201,,
,,1.792,4320,243.7532069,0.07168,261.2254368,0.069227511,,
,,1.796,4312.5,243.3300243,0.07184,260.8108532,0.069376798,,
,,1.8,4305,242.9068416,0.072,260.3961342,0.069526063,,
,,1.804,4305,242.9068416,0.07216,260.4349993,0.069675305,,
,,1.808,4297.5,242.483659,0.07232,260.0200772,0.069824526,,
,,1.812,4297.5,242.483659,0.07248,260.0588746,0.069973724,,
,,1.816,4290,242.0604763,0.07264,259.6437493,0.070122899,,
,,1.82,4290,242.0604763,0.0728,259.682479,0.070272053,,
,,1.824,4282.5,241.6372937,0.07296,259.2671506,0.070421184,,
,,1.828,4282.5,241.6372937,0.07312,259.3058126,0.070570293,,
,,1.832,4275,241.214111,0.07328,258.8902811,0.07071938,,
,,1.836,4275,241.214111,0.07344,258.9288753,0.070868445,,
,,1.84,4267.5,240.7909284,0.0736,258.5131407,0.071017487,,
,,1.844,4260,240.3677457,0.07376,258.0972706,0.071166507,,
,,1.848,4260,240.3677457,0.07392,258.1357295,0.071315505,,
,,1.852,4260,240.3677457,0.07408,258.1741883,0.071464481,,
,,1.856,4252.5,239.9445631,0.07424,257.7580474,0.071613435,,
,,1.86,4252.5,239.9445631,0.0744,257.7964386,0.071762366,,
,,1.864,4245,239.5213804,0.07456,257.3800945,0.071911275,,
,,1.868,4245,239.5213804,0.07472,257.418418,0.072060163,,
,,1.872,4237.5,239.0981978,0.07488,257.0018708,0.072209027,,
,,1.876,4230,238.6750151,0.07504,256.5851883,0.07235787,,
,,1.88,4230,238.6750151,0.0752,256.6233763,0.072506691,,
,,1.884,4230,238.6750151,0.07536,256.6615643,0.072655489,,
,,1.888,4222.5,238.2518325,0.07552,256.2446109,0.072804266,,
,,1.892,4215,237.8286498,0.07568,255.827522,0.07295302,,
,,1.896,4215,237.8286498,0.07584,255.8655746,0.073101752,,
,,1.9,4207.5,237.4054672,0.076,255.4482827,0.073250462,,
,,1.904,4207.5,237.4054672,0.07616,255.4862675,0.07339915,,
,,1.908,4200,236.9822845,0.07632,255.0687725,0.073547815,,
,,1.912,4200,236.9822845,0.07648,255.1066896,0.073696459,,
,,1.916,4200,236.9822845,0.07664,255.1446068,0.07384508,,
,,1.92,4192.5,236.5591019,0.0768,254.7268409,0.07399368,,
,,1.924,4185,236.1359192,0.07696,254.3089396,0.074142257,,
,,1.928,4177.5,235.7127366,0.07712,253.8909028,0.074290813,,
,,1.932,4177.5,235.7127366,0.07728,253.9286168,0.074439346,,
,,1.936,4170,235.2895539,0.07744,253.510377,0.074587857,,
,,1.94,4170,235.2895539,0.0776,253.5480233,0.074736346,,
,,1.944,4170,235.2895539,0.07776,253.5856696,0.074884813,,
,,1.948,4162.5,234.8663713,0.07792,253.1671589,0.075033258,,
,,1.952,4162.5,234.8663713,0.07808,253.2047375,0.075181681,,
,,1.956,4155,234.4431886,0.07824,252.7860237,0.075330082,,
,,1.96,4147.5,234.020006,0.0784,252.3671744,0.075478461,,
,,1.964,4140,233.5968233,0.07856,251.9481897,0.075626818,,
,,1.968,4140,233.5968233,0.07872,251.9855652,0.075775153,,
,,1.972,4140,233.5968233,0.07888,252.0229407,0.075923466,,
,,1.976,4132.5,233.1736407,0.07904,251.6036852,0.076071757,,
,,1.98,4132.5,233.1736407,0.0792,251.640993,0.076220026,,
,,1.984,4125,232.750458,0.07936,251.2215344,0.076368273,,
,,1.988,4125,232.750458,0.07952,251.2587744,0.076516498,,
,,1.992,4117.5,232.3272754,0.07968,250.8391127,0.076664701,,
,,1.996,4110,231.9040927,0.07984,250.4193155,0.076812882,,
,,2,4110,231.9040927,0.08,250.4564201,0.076961041,,
,,2.004,4102.5,231.4809101,0.08016,250.0364198,0.077109178,,
,,2.008,4095,231.0577274,0.08032,249.6162841,0.077257294,,
,,2.012,4095,231.0577274,0.08048,249.6532533,0.077405387,,
,,2.016,4087.5,230.6345448,0.08064,249.2329144,0.077553458,,
,,2.02,4087.5,230.6345448,0.0808,249.269816,0.077701508,,
,,2.024,4087.5,230.6345448,0.08096,249.3067175,0.077849535,,
,,2.028,4080,230.2113621,0.08112,248.8861078,0.077997541,,
,,2.032,4080,230.2113621,0.08128,248.9229416,0.078145525,,
,,2.036,4072.5,229.7881795,0.08144,248.5021288,0.078293486,,
,,2.04,4065,229.3649968,0.0816,248.0811805,0.078441426,,
,,2.044,4065,229.3649968,0.08176,248.1178789,0.078589344,,
,,2.048,4057.5,228.9418141,0.08192,247.6967276,0.078737241,,
,,2.052,4050,228.5186315,0.08208,247.2754408,0.078885115,,
,,2.056,4050,228.5186315,0.08224,247.3120038,0.079032967,,
,,2.06,4042.5,228.0954488,0.0824,246.8905138,0.079180798,,
,,2.064,4042.5,228.0954488,0.08256,246.9270091,0.079328607,,
,,2.068,4035,227.6722662,0.08272,246.5053161,0.079476394,,
,,2.072,4035,227.6722662,0.08288,246.5417436,0.079624159,,
,,2.076,4035,227.6722662,0.08304,246.5781712,0.079771902,,
,,2.08,4027.5,227.2490835,0.0832,246.1562073,0.079919623,,
,,2.084,4020,226.8259009,0.08336,245.734108,0.080067323,,
,,2.088,4012.5,226.4027182,0.08352,245.3118733,0.080215001,,
,,2.092,4012.5,226.4027182,0.08368,245.3480977,0.080362656,,
,,2.096,4005,225.9795356,0.08384,244.9256599,0.080510291,,
,,2.1,4005,225.9795356,0.084,244.9618166,0.080657903,,
,,2.104,3997.5,225.5563529,0.08416,244.5391756,0.080805494,,
,,2.108,3997.5,225.5563529,0.08432,244.5752646,0.080953062,,
,,2.112,3990,225.1331703,0.08448,244.1524205,0.081100609,,
,,2.116,3990,225.1331703,0.08464,244.1884418,0.081248135,,
,,2.12,3982.5,224.7099876,0.0848,243.7653946,0.081395638,,
,,2.124,3975,224.286805,0.08496,243.3422119,0.08154312,,
,,2.128,3975,224.286805,0.08512,243.3780978,0.08169058,,
,,2.132,3967.5,223.8636223,0.08528,242.9547121,0.081838018,,
,,2.136,3967.5,223.8636223,0.08544,242.9905302,0.081985435,,
,,2.14,3960,223.4404397,0.0856,242.5669413,0.08213283,,
,,2.144,3960,223.4404397,0.08576,242.6026918,0.082280203,,
,,2.148,3952.5,223.017257,0.08592,242.1788998,0.082427554,,
,,2.152,3952.5,223.017257,0.08608,242.2145825,0.082574884,,
,,2.156,3945,222.5940744,0.08624,241.7905874,0.082722192,,
,,2.16,3937.5,222.1708917,0.0864,241.3664568,0.082869478,,
,,2.164,3930,221.7477091,0.08656,240.9421908,0.083016742,,
,,2.168,3930,221.7477091,0.08672,240.9776704,0.083163985,,
,,2.172,3922.5,221.3245264,0.08688,240.5532013,0.083311206,,
,,2.176,3922.5,221.3245264,0.08704,240.5886132,0.083458406,,
,,2.18,3915,220.9013438,0.0872,240.163941,0.083605584,,
,,2.184,3915,220.9013438,0.08736,240.1992852,0.08375274,,
,,2.188,3907.5,220.4781611,0.08752,239.7744098,0.083899875,,
,,2.192,3907.5,220.4781611,0.08768,239.8096863,0.084046988,,
,,2.196,3900,220.0549785,0.08784,239.3846078,0.084194079,,
,,2.2,3892.5,219.6317958,0.088,238.9593939,0.084341148,,
,,2.204,3885,219.2086132,0.08816,238.5340445,0.084488196,,
,,2.208,3885,219.2086132,0.08832,238.5691179,0.084635223,,
,,2.212,3877.5,218.7854305,0.08848,238.1435654,0.084782228,,
,,2.216,3877.5,218.7854305,0.08864,238.1785711,0.084929211,,
,,2.22,3870,218.3622479,0.0888,237.7528155,0.085076172,,
,,2.224,3870,218.3622479,0.08896,237.7877534,0.085223112,,
,,2.228,3862.5,217.9390652,0.08912,237.3617947,0.085370031,,
,,2.232,3862.5,217.9390652,0.08928,237.396665,0.085516928,,
,,2.236,3855,217.5158826,0.08944,236.9705031,0.085663803,,
,,2.24,3847.5,217.0926999,0.0896,236.5442058,0.085810656,,
,,2.244,3840,216.6695173,0.08976,236.1177731,0.085957489,,
,,2.248,3840,216.6695173,0.08992,236.1524403,0.086104299,,
,,2.252,3832.5,216.2463346,0.09008,235.7258044,0.086251088,,
,,2.256,3832.5,216.2463346,0.09024,235.7604039,0.086397855,,
,,2.26,3825,215.823152,0.0904,235.3335649,0.086544601,,
,,2.264,3825,215.823152,0.09056,235.3680966,0.086691326,,
,,2.268,3817.5,215.3999693,0.09072,234.9410545,0.086838029,,
,,2.272,3817.5,215.3999693,0.09088,234.9755185,0.08698471,,
,,2.276,3810,214.9767867,0.09104,234.5482733,0.08713137,,
,,2.28,3802.5,214.553604,0.0912,234.1208927,0.087278008,,
,,2.284,3795,214.1304214,0.09136,233.6933767,0.087424625,,
,,2.288,3795,214.1304214,0.09152,233.7276375,0.08757122,,
,,2.292,3787.5,213.7072387,0.09168,233.2999184,0.087717794,,
,,2.296,3787.5,213.7072387,0.09184,233.3341115,0.087864346,,
,,2.3,3780,213.2840561,0.092,232.9061892,0.088010877,,
,,2.304,3780,213.2840561,0.09216,232.9403147,0.088157387,,
,,2.308,3772.5,212.8608734,0.09232,232.5121892,0.088303875,,
,,2.312,3772.5,212.8608734,0.09248,232.546247,0.088450341,,
,,2.316,3765,212.4376908,0.09264,232.1179184,0.088596786,,
,,2.32,3757.5,212.0145081,0.0928,231.6894545,0.08874321,,
,,2.324,3750,211.5913255,0.09296,231.2608551,0.088889612,,
,,2.328,3742.5,211.1681428,0.09312,230.8321203,0.089035993,,
,,2.332,3742.5,211.1681428,0.09328,230.8659072,0.089182352,,
,,2.336,3735,210.7449602,0.09344,230.4369692,0.08932869,,
,,2.34,3735,210.7449602,0.0936,230.4706884,0.089475006,,
,,2.344,3735,210.7449602,0.09376,230.5044076,0.089621302,,
,,2.348,3727.5,210.3217775,0.09392,230.0751989,0.089767575,,
,,2.352,3727.5,210.3217775,0.09408,230.1088503,0.089913827,,
,,2.356,3720,209.8985949,0.09424,229.6794384,0.090060058,,
,,2.36,3705,209.0522296,0.0944,228.78676,0.090206268,,
,,2.364,3705,209.0522296,0.09456,228.8202084,0.090352456,,
,,2.368,3697.5,208.6290469,0.09472,228.3903902,0.090498623,,
,,2.372,3690,208.2058643,0.09488,227.9604367,0.090644768,,
,,2.376,3690,208.2058643,0.09504,227.9937496,0.090790892,,
,,2.38,3682.5,207.7826816,0.0952,227.5635929,0.090936995,,
,,2.384,3682.5,207.7826816,0.09536,227.5968381,0.091083076,,
,,2.388,3675,207.359499,0.09552,227.1664783,0.091229136,,
,,2.392,3675,207.359499,0.09568,227.1996558,0.091375175,,
,,2.396,3667.5,206.9363163,0.09584,226.7690929,0.091521192,,
,,2.4,3660,206.5131336,0.096,226.3383945,0.091667189,,
,,2.404,3660,206.5131336,0.09616,226.3714366,0.091813163,,
,,2.408,3652.5,206.089951,0.09632,225.9405351,0.091959117,,
,,2.412,3645,205.6667683,0.09648,225.5094982,0.092105049,,
,,2.416,3645,205.6667683,0.09664,225.5424048,0.09225096,,
,,2.42,3637.5,205.2435857,0.0968,225.1111648,0.092396849,,
,,2.424,3630,204.820403,0.09696,224.6797893,0.092542718,,
,,2.428,3630,204.820403,0.09712,224.7125606,0.092688565,,
,,2.432,3622.5,204.3972204,0.09728,224.280982,0.09283439,,
,,2.436,3615,203.9740377,0.09744,223.849268,0.092980195,,
,,2.44,3615,203.9740377,0.0976,223.8819038,0.093125978,,
,,2.444,3607.5,203.5508551,0.09776,223.4499867,0.09327174,,
,,2.448,3600,203.1276724,0.09792,223.0179341,0.093417481,,
,,2.452,3592.5,202.7044898,0.09808,222.5857462,0.0935632,,
,,2.456,3592.5,202.7044898,0.09824,222.6181789,0.093708898,,
,,2.46,3585,202.2813071,0.0984,222.1857878,0.093854575,,
,,2.464,3585,202.2813071,0.09856,222.2181528,0.094000231,,
,,2.468,3577.5,201.8581245,0.09872,221.7855585,0.094145866,,
,,2.472,3577.5,201.8581245,0.09888,221.8178558,0.094291479,,
,,2.476,3570,201.4349418,0.09904,221.3850585,0.094437071,,
,,2.48,3562.5,201.0117592,0.0992,220.9521257,0.094582642,,
,,2.484,3555,200.5885765,0.09936,220.5190575,0.094728192,,
,,2.488,3555,200.5885765,0.09952,220.5511517,0.094873721,,
,,2.492,3547.5,200.1653939,0.09968,220.1178803,0.095019228,,
,,2.496,3547.5,200.1653939,0.09984,220.1499068,0.095164715,,
,,2.5,3540,199.7422112,0.1,219.7164324,0.09531018,,
,,2.504,3532.5,199.3190286,0.10016,219.2828225,0.095455624,,
,,2.508,3532.5,199.3190286,0.10032,219.3147135,0.095601047,,
,,2.512,3525,198.8958459,0.10048,218.8809005,0.095746448,,
,,2.516,3517.5,198.4726633,0.10064,218.4469521,0.095891829,,
,,2.52,3510,198.0494806,0.1008,218.0128683,0.096037188,,
,,2.524,3510,198.0494806,0.10096,218.0445562,0.096182526,,
,,2.528,3502.5,197.626298,0.10112,217.6102692,0.096327844,,
,,2.532,3495,197.2031153,0.10128,217.1758469,0.09647314,,
,,2.536,3495,197.2031153,0.10144,217.2073993,0.096618415,,
,,2.54,3487.5,196.7799327,0.1016,216.7727738,0.096763668,,
,,2.544,3480,196.35675,0.10176,216.3380129,0.096908901,,
,,2.548,3480,196.35675,0.10192,216.36943,0.097054113,,
,,2.552,3472.5,195.9335674,0.10208,215.9344659,0.097199303,,
,,2.556,3465,195.5103847,0.10224,215.4993665,0.097344473,,
,,2.56,3465,195.5103847,0.1024,215.5306481,0.097489621,,
,,2.564,3457.5,195.0872021,0.10256,215.0953455,0.097634749,,
,,2.568,3450,194.6640194,0.10272,214.6599075,0.097779855,,
,,2.572,3442.5,194.2408368,0.10288,214.2243341,0.09792494,,
,,2.576,3442.5,194.2408368,0.10304,214.2554126,0.098070004,,
,,2.58,3435,193.8176541,0.1032,213.819636,0.098215047,,
,,2.584,3427.5,193.3944715,0.10336,213.383724,0.09836007,,
,,2.588,3427.5,193.3944715,0.10352,213.4146672,0.098505071,,
,,2.592,3420,192.9712888,0.10368,212.978552,0.098650051,,
,,2.596,3420,192.9712888,0.10384,213.0094275,0.09879501,,
,,2.6,3412.5,192.5481062,0.104,212.5731092,0.098939948,,
,,2.604,3405,192.1249235,0.10416,212.1366556,0.099084865,,
,,2.608,3397.5,191.7017409,0.10432,211.7000665,0.099229761,,
,,2.612,3390,191.2785582,0.10448,211.263342,0.099374636,,
,,2.616,3390,191.2785582,0.10464,211.2939465,0.09951949,,
,,2.62,3382.5,190.8553756,0.1048,210.8570189,0.099664323,,
,,2.624,3382.5,190.8553756,0.10496,210.8875558,0.099809135,,
,,2.628,3375,190.4321929,0.10512,210.450425,0.099953926,,
,,2.632,3375,190.4321929,0.10528,210.4808942,0.100098697,,
,,2.636,3360,189.5858276,0.10544,209.5757573,0.100243446,,
,,2.64,3352.5,189.162645,0.1056,209.1382203,0.100388174,,
,,2.644,3345,188.7394623,0.10576,208.7005478,0.100532881,,
,,2.648,3345,188.7394623,0.10592,208.7307462,0.100677568,,
,,2.652,3337.5,188.3162797,0.10608,208.2928706,0.100822233,,
,,2.656,3337.5,188.3162797,0.10624,208.3230012,0.100966878,,
,,2.66,3330,187.893097,0.1064,207.8849225,0.101111501,,
,,2.664,3322.5,187.4699144,0.10656,207.4467084,0.101256104,,
,,2.668,3322.5,187.4699144,0.10672,207.4767036,0.101400686,,
,,2.672,3315,187.0467317,0.10688,207.0382864,0.101545247,,
,,2.676,3307.5,186.6235491,0.10704,206.5997337,0.101689787,,
,,2.68,3300,186.2003664,0.1072,206.1610457,0.101834306,,
,,2.684,3300,186.2003664,0.10736,206.1908377,0.101978804,,
,,2.688,3292.5,185.7771838,0.10752,205.7519466,0.102123281,,
,,2.692,3285,185.3540011,0.10768,205.3129199,0.102267738,,
,,2.696,3285,185.3540011,0.10784,205.3425766,0.102412174,,
,,2.7,3277.5,184.9308185,0.108,204.9033468,0.102556588,,
,,2.704,3270,184.5076358,0.10816,204.4639817,0.102700982,,
,,2.708,3270,184.5076358,0.10832,204.4935029,0.102845355,,
,,2.712,3262.5,184.0844532,0.10848,204.0539346,0.102989708,,
,,2.716,3255,183.6612705,0.10864,203.6142309,0.103134039,,
,,2.72,3247.5,183.2380878,0.1088,203.1743918,0.103278349,,
,,2.724,3240,182.8149052,0.10896,202.7344173,0.103422639,,
,,2.728,3240,182.8149052,0.10912,202.7636677,0.103566908,,
,,2.732,3232.5,182.3917225,0.10928,202.32349,0.103711156,,
,,2.736,3225,181.9685399,0.10944,201.8831769,0.103855384,,
,,2.74,3217.5,181.5453572,0.1096,201.4427284,0.10399959,,
,,2.744,3217.5,181.5453572,0.10976,201.4717757,0.104143776,,
,,2.748,3210,181.1221746,0.10992,201.031124,0.104287941,,
,,2.752,3210,181.1221746,0.11008,201.0601036,0.104432085,,
,,2.756,3202.5,180.6989919,0.11024,200.6192488,0.104576208,,
,,2.76,3195,180.2758093,0.1104,200.1782586,0.104720311,,
,,2.764,3187.5,179.8526266,0.11056,199.737133,0.104864393,,
,,2.768,3180,179.429444,0.11072,199.295872,0.105008454,,
,,2.772,3172.5,179.0062613,0.11088,198.8544756,0.105152494,,
,,2.776,3172.5,179.0062613,0.11104,198.8831166,0.105296514,,
,,2.78,3165,178.5830787,0.1112,198.441517,0.105440512,,
,,2.784,3157.5,178.159896,0.11136,197.9997821,0.105584491,,
,,2.788,3157.5,178.159896,0.11152,198.0282876,0.105728448,,
,,2.792,3150,177.7367134,0.11168,197.5863495,0.105872385,,
,,2.796,3142.5,177.3135307,0.11184,197.144276,0.106016301,,
,,2.8,3135,176.8903481,0.112,196.7020671,0.106160196,,
,,2.804,3135,176.8903481,0.11216,196.7303695,0.10630407,,
,,2.808,3127.5,176.4671654,0.11232,196.2879575,0.106447924,,
,,2.812,3120,176.0439828,0.11248,195.84541,0.106591757,,
,,2.816,3120,176.0439828,0.11264,195.873577,0.10673557,,
,,2.82,3112.5,175.6208001,0.1128,195.4308264,0.106879362,,
,,2.824,3105,175.1976175,0.11296,194.9879404,0.107023133,,
,,2.828,3105,175.1976175,0.11312,195.015972,0.107166883,,
,,2.832,3097.5,174.7744348,0.11328,194.5728828,0.107310613,,
,,2.836,3090,174.3512522,0.11344,194.1296582,0.107454322,,
,,2.84,3082.5,173.9280695,0.1136,193.6862982,0.107598011,,
,,2.844,3075,173.5048869,0.11376,193.2428028,0.107741678,,
,,2.848,3067.5,173.0817042,0.11392,192.799172,0.107885326,,
,,2.852,3060,172.6585216,0.11408,192.3554057,0.108028952,,
,,2.856,3060,172.6585216,0.11424,192.3830311,0.108172558,,
,,2.86,3052.5,172.2353389,0.1144,191.9390617,0.108316143,,
,,2.864,3052.5,172.2353389,0.11456,191.9666194,0.108459708,,
,,2.868,3045,171.8121563,0.11472,191.5224468,0.108603252,,
,,2.872,3045,171.8121563,0.11488,191.5499368,0.108746776,,
,,2.876,3030,170.965791,0.11504,190.6336956,0.108890279,,
,,2.88,3022.5,170.5426083,0.1152,190.1891168,0.109033761,,
,,2.884,3015,170.1194257,0.11536,189.7444026,0.109177223,,
,,2.888,3007.5,169.696243,0.11552,189.299553,0.109320664,,
,,2.892,3000,169.2730604,0.11568,188.854568,0.109464084,,
,,2.896,3000,169.2730604,0.11584,188.8816517,0.109607485,,
,,2.9,2992.5,168.8498777,0.116,188.4364635,0.109750864,,
,,2.904,2985,168.4266951,0.11616,187.99114,0.109894223,,
,,2.908,2985,168.4266951,0.11632,188.0180882,0.110037561,,
,,2.912,2977.5,168.0035124,0.11648,187.5725615,0.110180879,,
,,2.916,2970,167.5803298,0.11664,187.1268994,0.110324176,,
,,2.92,2970,167.5803298,0.1168,187.1537123,0.110467453,,
,,2.924,2962.5,167.1571471,0.11696,186.707847,0.110610709,,
,,2.928,2955,166.7339645,0.11712,186.2618464,0.110753945,,
,,2.932,2947.5,166.3107818,0.11728,185.8157103,0.11089716,,
,,2.936,2940,165.8875992,0.11744,185.3694388,0.111040355,,
,,2.94,2932.5,165.4644165,0.1176,184.9230319,0.111183529,,
,,2.944,2932.5,165.4644165,0.11776,184.9495062,0.111326683,,
,,2.948,2925,165.0412339,0.11792,184.5028962,0.111469816,,
,,2.952,2925,165.0412339,0.11808,184.5293028,0.111612929,,
,,2.956,2910,164.1948686,0.11824,183.6092698,0.111756021,,
,,2.96,2902.5,163.7716859,0.1184,183.1622535,0.111899092,,
,,2.964,2895,163.3485033,0.11856,182.7151018,0.112042144,,
,,2.968,2887.5,162.9253206,0.11872,182.2678147,0.112185175,,
,,2.972,2880,162.502138,0.11888,181.8203921,0.112328185,,
,,2.976,2880,162.502138,0.11904,181.8463925,0.112471175,,
,,2.98,2872.5,162.0789553,0.1192,181.3987668,0.112614144,,
,,2.984,2872.5,162.0789553,0.11936,181.4246994,0.112757093,,
,,2.988,2865,161.6557727,0.11952,180.9768706,0.112900022,,
,,2.992,2865,161.6557727,0.11968,181.0027355,0.11304293,,
,,2.996,2850,160.8094074,0.11984,180.0808067,0.113185818,,
,,3,2842.5,160.3862247,0.12,179.6325717,0.113328685,,
,,3.004,2835,159.963042,0.12016,179.1842012,0.113471532,,
,,3.008,2827.5,159.5398594,0.12032,178.7356953,0.113614359,,
,,3.012,2820,159.1166767,0.12048,178.287054,0.113757165,,
,,3.016,2820,159.1166767,0.12064,178.3125126,0.113899951,,
,,3.02,2812.5,158.6934941,0.1208,177.8636682,0.114042716,,
,,3.024,2805,158.2703114,0.12096,177.4146883,0.114185461,,
,,3.028,2805,158.2703114,0.12112,177.4400116,0.114328186,,
,,3.032,2797.5,157.8471288,0.12128,176.9908286,0.11447089,,
,,3.036,2790,157.4239461,0.12144,176.5415102,0.114613574,,
,,3.04,2782.5,157.0007635,0.1216,176.0920563,0.114756237,,
,,3.044,2775,156.5775808,0.12176,175.6424671,0.11489888,,
,,3.048,2767.5,156.1543982,0.12192,175.1927424,0.115041503,,
,,3.052,2760,155.7312155,0.12208,174.7428823,0.115184106,,
,,3.056,2760,155.7312155,0.12224,174.7677993,0.115326688,,
,,3.06,2752.5,155.3080329,0.1224,174.3177361,0.11546925,,
,,3.064,2745,154.8848502,0.12256,173.8675375,0.115611791,,
,,3.068,2745,154.8848502,0.12272,173.8923191,0.115754313,,
,,3.072,2737.5,154.4616676,0.12288,173.4419173,0.115896813,,
,,3.076,2730,154.0384849,0.12304,172.9913801,0.116039294,,
,,3.08,2715,153.1921196,0.1232,172.0653888,0.116181754,,
,,3.084,2707.5,152.768937,0.12336,171.614513,0.116324194,,
,,3.088,2700,152.3457543,0.12352,171.1635019,0.116466614,,
,,3.092,2692.5,151.9225717,0.12368,170.7123553,0.116609013,,
,,3.096,2692.5,151.9225717,0.12384,170.736663,0.116751393,,
,,3.1,2685,151.499389,0.124,170.2853133,0.116893751,,
,,3.104,2677.5,151.0762064,0.12416,169.8338282,0.11703609,,
,,3.108,2677.5,151.0762064,0.12432,169.8580004,0.117178408,,
,,3.112,2670,150.6530237,0.12448,169.4063121,0.117320707,,
,,3.116,2655,149.8066584,0.12464,168.4785603,0.117462984,,
,,3.12,2647.5,149.3834758,0.1248,168.0265336,0.117605242,,
,,3.124,2640,148.9602931,0.12496,167.5743714,0.117747479,,
,,3.128,2632.5,148.5371105,0.12512,167.1220737,0.117889697,,
,,3.132,2625,148.1139278,0.12528,166.6696407,0.118031894,,
,,3.136,2617.5,147.6907452,0.12544,166.2170722,0.11817407,,
,,3.14,2610,147.2675625,0.1256,165.7643684,0.118316227,,
,,3.144,2602.5,146.8443799,0.12576,165.3115291,0.118458363,,
,,3.148,2602.5,146.8443799,0.12592,165.3350242,0.118600479,,
,,3.152,2595,146.4211972,0.12608,164.8819818,0.118742575,,
,,3.156,2580,145.5748319,0.12624,163.9521987,0.118884651,,
,,3.16,2572.5,145.1516493,0.1264,163.4988177,0.119026706,,
,,3.164,2557.5,144.305284,0.12656,162.5685607,0.119168742,,
,,3.168,2542.5,143.4589187,0.12672,161.6380328,0.119310757,,
,,3.172,2527.5,142.6125534,0.12688,160.7072341,0.119452752,,
,,3.176,2512.5,141.7661881,0.12704,159.7761646,0.119594727,,
,,3.18,2497.5,140.9198228,0.1272,158.8448242,0.119736682,,
,,3.184,2475,139.6502748,0.12736,157.4361338,0.119878616,,
,,3.188,2460,138.8039095,0.12752,156.504184,0.120020531,,
,,3.192,2437.5,137.5343615,0.12768,155.0947488,0.120162425,,
,,3.196,2400,135.4184483,0.12784,152.7303427,0.120304299,,
,,3.2,2370,133.7257177,0.128,150.8426096,0.120446153,,
,,3.204,2340,132.0329871,0.12816,148.9543347,0.120587987,,
,,3.208,2317.5,130.7634391,0.12832,147.5430036,0.120729801,,
,,3.212,2280,128.6475259,0.12848,145.17616,0.120871594,,
,,3.216,2235,126.10843,0.12864,142.3310184,0.121013368,,
,,3.22,2197.5,123.9925167,0.1288,139.9627529,0.121155122,,
,,3.224,2175,122.7229688,0.12896,138.5493228,0.121296855,,
,,3.228,2145,121.0302382,0.12912,136.6576625,0.121438568,,
,,3.232,2122.5,119.7606902,0.12928,135.2433522,0.121580262,,
,,3.236,2085,117.644777,0.12944,132.8727169,0.121721935,,
,,3.24,2040,115.1056811,0.1296,130.0233773,0.121863588,,
,,3.244,2002.5,112.9897678,0.12976,127.6513201,0.122005221,,
,,3.248,1965,110.8738545,0.12992,125.2785857,0.122146834,,
,,3.252,1927.5,108.7579413,0.13008,122.9051743,0.122288427,,
,,3.256,1890,106.642028,0.13024,120.5310858,0.12243,,
,,3.26,1852.5,104.5261148,0.1304,118.1563201,0.122571552,,
,,3.264,1830,103.2565668,0.13056,116.7377442,0.122713085,,
,,3.268,1800,101.5638362,0.13072,114.8402609,0.122854598,,
,,3.272,1777.5,100.2942883,0.13088,113.4208047,0.122996091,,
,,3.276,1740,98.17837501,0.13104,111.0436693,0.123137563,,
,,3.28,1695,95.63927911,0.1312,108.1871525,0.123279016,,
,,3.284,1665,93.9465485,0.13136,106.2873671,0.123420449,,
,,3.288,1635,92.2538179,0.13152,104.38704,0.123561862,,
,,3.292,1605,90.5610873,0.13168,102.4861713,0.123703254,,
,,3.296,1582.5,89.29153934,0.13184,101.0637359,0.123844627,,
,,3.3,1552.5,87.59880874,0.132,99.16185149,0.12398598,,
,,3.304,1530,86.32926079,0.13216,97.73853589,0.124127313,,
,,3.308,1500,84.63653018,0.13232,95.83563586,0.124268625,,
,,3.312,1477.5,83.36698223,0.13248,94.41144004,0.124409918,,
,,3.316,1440,81.25106898,0.13264,92.02821077,0.124551191,,
,,3.32,1395,78.71197307,0.1328,89.1649231,0.124692444,,
,,3.324,1365,77.01924247,0.13296,87.25972095,0.124833677,,
,,3.328,1335,75.32651186,0.13312,85.35397712,0.12497489,,
,,3.332,1305,73.63378126,0.13328,83.44769163,0.125116083,,
,,3.336,1275,71.94105066,0.13344,81.54086446,0.125257256,,
,,3.34,1245,70.24832005,0.1336,79.63349561,0.125398409,,
,,3.344,1222.5,68.9787721,0.13376,78.20537266,0.125539543,,
,,3.348,1200,67.70922415,0.13392,76.77684345,0.125680656,,
,,3.352,1177.5,66.43967619,0.13408,75.34790798,0.12582175,,
,,3.356,1140,64.32376294,0.13424,72.95858488,0.125962823,,
,,3.36,1102.5,62.20784969,0.1344,70.56858468,0.126103877,,
,,3.364,1065,60.09193643,0.13456,68.1779074,0.126244911,,
,,3.368,1027.5,57.97602318,0.13472,65.78655302,0.126385924,,
,,3.372,997.5,56.28329257,0.13488,63.87478307,0.126526918,,
,,3.376,975,55.01374462,0.13504,62.44280069,0.126667893,,
,,3.38,945,53.32101402,0.1352,60.53001511,0.126808847,,
,,3.384,922.5,52.05146606,0.13536,59.09715251,0.126949781,,
,,3.388,892.5,50.35873546,0.13552,57.18335129,0.127090696,,
,,3.392,870,49.08918751,0.13568,55.74960847,0.12723159,,
,,3.396,825,46.5500916,0.13584,52.87345604,0.127372465,,
,,3.4,787.5,44.43417835,0.136,50.4772266,0.12751332,,
,,3.404,742.5,41.89508244,0.13616,47.59951687,0.127654155,,
,,3.408,697.5,39.35598654,0.13632,44.72099462,0.127794971,,
,,3.412,667.5,37.66325593,0.13648,42.8035371,0.127935766,,
,,3.416,630,35.54734268,0.13664,40.40453158,0.128076542,,
,,3.42,600,33.85461207,0.1368,38.48592301,0.128217298,,
,,3.424,570,32.16188147,0.13696,36.56677276,0.128358034,,
,,3.428,547.5,30.89233352,0.13712,35.12829029,0.12849875,,
,,3.432,517.5,29.19960291,0.13728,33.2081244,0.128639447,,
